id,first_name,last_name,email,gender,ip_address
1,Valery,Gramer,vgramer0@geocities.jp,Female,219.108.227.237
2,August,Buckberry,abuckberry1@surveymonkey.com,Male,113.33.25.108
3,Robin,Peperell,rpeperell2@hugedomains.com,Male,161.124.15.67
4,Adams,Litel,alitel3@themeforest.net,Male,140.200.72.193
5,Kitti,Mattersey,kmattersey4@squidoo.com,Female,162.255.34.247
6,Dennis,Billingham,dbillingham5@is.gd,Male,181.168.220.75
7,Duffy,Pointing,dpointing6@virginia.edu,Male,137.227.62.22
8,Kalie,Reynalds,kreynalds7@guardian.co.uk,Polygender,63.236.165.65
9,Cyrus,Yaxley,cyaxley8@fda.gov,Male,85.38.78.238
10,Jeffry,Kelsey,jkelsey9@newyorker.com,Male,83.110.135.177
11,Peria,Goare,pgoarea@fda.gov,Female,132.48.226.189
12,Lucien,Skewis,lskewisb@chron.com,Male,201.181.195.75
13,Carly,Endley,cendleyc@arizona.edu,Male,166.35.35.241
14,Arty,Farraway,afarrawayd@bloglovin.com,Genderqueer,195.17.134.187
15,Brigg,Bodd,bbodde@slate.com,Male,3.92.134.23
16,Chuck,Porter,cporterf@t.co,Male,14.19.143.140
17,Konstance,Vallender,kvallenderg@who.int,Female,126.160.179.251
18,Abby,Doulden,adouldenh@fotki.com,Female,133.165.10.58
19,Mikkel,Egalton,megaltoni@cpanel.net,Non-binary,237.138.10.225
20,Vina,Narraway,vnarrawayj@yahoo.com,Female,62.65.19.204
21,Elissa,Josephsen,ejosephsenk@google.ru,Female,193.232.252.177
22,Cobbie,Kunat,ckunatl@opensource.org,Male,243.104.166.165
23,Ophelie,Seilmann,oseilmannm@nyu.edu,Agender,226.96.66.175
24,Channa,Cutbirth,ccutbirthn@jugem.jp,Female,199.189.119.190
25,Henderson,Gibbens,hgibbenso@army.mil,Male,87.2.25.47
26,Skelly,Fosdyke,sfosdykep@redcross.org,Polygender,120.103.213.202
27,Danice,Ameer-Beg,dameerbegq@netvibes.com,Female,92.199.112.242
28,Dewey,Gilks,dgilksr@eventbrite.com,Male,122.103.9.172
29,Elna,Malyon,emalyons@mysql.com,Female,208.49.125.37
30,Alexina,Guitonneau,aguitonneaut@stumbleupon.com,Female,178.93.45.79
31,Osbourn,Gepp,ogeppu@hud.gov,Male,128.16.220.78
32,Finley,McInnerny,fmcinnernyv@cisco.com,Male,241.173.222.140
33,Celesta,Culham,cculhamw@ft.com,Female,103.92.243.112
34,Gerhardt,Van Schafflaer,gvanschafflaerx@disqus.com,Male,169.44.117.60
35,Conrad,Mosen,cmoseny@xing.com,Male,127.217.2.8
36,Allegra,Blaschek,ablaschekz@tuttocitta.it,Female,129.75.211.95
37,Obediah,Still,ostill10@latimes.com,Male,74.237.108.119
38,Selma,Inchcomb,sinchcomb11@buzzfeed.com,Polygender,108.214.170.68
39,Shea,Busch,sbusch12@telegraph.co.uk,Male,37.41.47.17
40,Marcia,Ivashnyov,mivashnyov13@spiegel.de,Female,158.187.112.24
41,Ferguson,Hilary,fhilary14@indiatimes.com,Male,203.96.15.65
42,Nata,Bending,nbending15@imageshack.us,Female,86.34.84.105
43,Gard,Zum Felde,gzumfelde16@eepurl.com,Male,32.45.7.197
44,Geordie,Waskett,gwaskett17@washington.edu,Genderfluid,83.171.184.204
45,Matias,Doig,mdoig18@state.gov,Male,19.252.82.115
46,Oates,Powles,opowles19@google.it,Male,33.161.139.115
47,Elden,Cotton,ecotton1a@youku.com,Male,76.102.135.29
48,Shell,Gebb,sgebb1b@google.nl,Male,111.109.51.188
49,Gwen,Paraman,gparaman1c@flickr.com,Bigender,1.46.5.55
50,Ingelbert,Morgen,imorgen1d@technorati.com,Male,188.22.22.40
51,Giusto,Dipple,gdipple1e@prweb.com,Male,113.211.195.138
52,Cy,Heynen,cheynen1f@oracle.com,Male,138.209.71.143
53,Belle,Whittam,bwhittam1g@state.gov,Bigender,91.87.28.214
54,Eveleen,Petrolli,epetrolli1h@addtoany.com,Female,1.78.47.134
55,Noah,Bonnette,nbonnette1i@yolasite.com,Male,60.94.65.64
56,Willy,D'Hooghe,wdhooghe1j@sitemeter.com,Female,254.206.32.111
57,Conni,Moncaster,cmoncaster1k@infoseek.co.jp,Female,19.57.71.0
58,Tripp,Hackey,thackey1l@shareasale.com,Male,201.62.191.220
59,Jannelle,De Goey,jdegoey1m@nasa.gov,Female,39.91.142.25
60,Noel,Mourge,nmourge1n@t-online.de,Male,39.245.72.12
61,Terrance,Goning,tgoning1o@1688.com,Male,250.68.127.14
62,Miquela,Lean,mlean1p@berkeley.edu,Female,247.64.207.107
63,Joycelin,Grumbridge,jgrumbridge1q@oaic.gov.au,Female,121.26.56.136
64,Chaim,Dimond,cdimond1r@free.fr,Male,54.114.2.234
65,Dylan,Caswell,dcaswell1s@weather.com,Male,32.223.74.130
66,Cheston,Weblin,cweblin1t@prlog.org,Polygender,108.81.35.142
67,Nanice,Szymanski,nszymanski1u@eventbrite.com,Female,26.141.101.203
68,Garald,Draycott,gdraycott1v@timesonline.co.uk,Agender,119.17.48.224
69,Gus,Oliva,goliva1w@loc.gov,Male,217.25.250.151
70,Gena,Crompton,gcrompton1x@java.com,Female,30.25.246.251
71,Jolene,Sivyer,jsivyer1y@huffingtonpost.com,Female,253.140.226.230
72,Xever,Stode,xstode1z@archive.org,Non-binary,188.30.103.23
73,Rorie,Ithell,rithell20@princeton.edu,Female,249.131.143.14
74,Glynnis,Bagott,gbagott21@who.int,Female,112.21.97.84
75,Jarret,Rhoades,jrhoades22@deviantart.com,Male,242.157.5.91
76,Delilah,Melhuish,dmelhuish23@51.la,Female,125.109.253.239
77,Kare,Duligal,kduligal24@jalbum.net,Female,231.15.108.180
78,Lizzie,O'Leahy,loleahy25@geocities.jp,Female,165.148.207.142
79,Gearalt,McMickan,gmcmickan26@histats.com,Male,40.55.6.209
80,Eadie,Heeney,eheeney27@studiopress.com,Female,134.169.18.231
81,Dukie,Dumpleton,ddumpleton28@soundcloud.com,Male,75.121.27.20
82,Ania,Leither,aleither29@skype.com,Female,15.165.104.211
83,Braden,Mattheeuw,bmattheeuw2a@trellian.com,Male,240.103.170.241
84,Annaliese,Cancelier,acancelier2b@goo.gl,Female,246.38.138.113
85,Pegeen,Glassborow,pglassborow2c@noaa.gov,Female,122.145.249.38
86,Griffy,Clarage,gclarage2d@weebly.com,Male,14.2.91.220
87,Harland,Rentoul,hrentoul2e@alexa.com,Male,87.139.162.160
88,Livy,Gayter,lgayter2f@apache.org,Female,65.13.3.139
89,Cynthea,Baxendale,cbaxendale2g@cisco.com,Female,97.100.76.46
90,Wain,Baggallay,wbaggallay2h@disqus.com,Male,210.83.55.251
91,Marlon,Chilles,mchilles2i@canalblog.com,Male,94.186.96.159
92,Reiko,Sandeford,rsandeford2j@usatoday.com,Bigender,108.65.108.204
93,Freddie,Noriega,fnoriega2k@dell.com,Genderqueer,225.131.175.244
94,Storm,Jamot,sjamot2l@clickbank.net,Female,199.185.210.44
95,Clovis,Stentiford,cstentiford2m@infoseek.co.jp,Female,143.150.33.72
96,Gherardo,Yearne,gyearne2n@upenn.edu,Male,42.204.37.169
97,William,Arnolds,warnolds2o@fc2.com,Male,159.122.82.142
98,Marylinda,Stansbie,mstansbie2p@phoca.cz,Agender,251.196.0.73
99,Nikolos,Bradnocke,nbradnocke2q@github.com,Agender,104.36.58.52
100,Morty,Grealey,mgrealey2r@goodreads.com,Male,130.119.45.173
101,Kristo,Bridgeman,kbridgeman2s@newsvine.com,Male,151.146.52.71
102,Dur,Fearns,dfearns2t@csmonitor.com,Male,119.190.123.131
103,Chas,Hails,chails2u@google.cn,Male,45.43.217.148
104,Halsy,Vigours,hvigours2v@youku.com,Male,157.194.14.59
105,Atlanta,Morit,amorit2w@freewebs.com,Female,12.165.183.18
106,Gasper,Harrow,gharrow2x@twitpic.com,Male,94.70.226.141
107,Gigi,Messruther,gmessruther2y@cargocollective.com,Female,190.213.160.235
108,Susette,Kryszka,skryszka2z@hao123.com,Female,127.159.90.96
109,Lola,MacConneely,lmacconneely30@vinaora.com,Female,117.89.30.196
110,Georgianna,Harbottle,gharbottle31@google.com,Female,189.88.53.193
111,Annetta,Habben,ahabben32@privacy.gov.au,Female,38.254.160.237
112,Steffie,Warmisham,swarmisham33@pcworld.com,Female,58.46.42.224
113,Lola,Madeley,lmadeley34@histats.com,Female,7.229.130.109
114,Jannelle,D'Andrea,jdandrea35@ning.com,Genderqueer,53.225.217.214
115,Sutherland,Gendrich,sgendrich36@state.gov,Male,240.68.10.20
116,Paige,Zielinski,pzielinski37@ft.com,Male,58.23.225.115
117,Pia,Mordan,pmordan38@constantcontact.com,Female,161.221.202.47
118,Spike,Carradice,scarradice39@house.gov,Male,8.24.17.174
119,Ashien,McKeaney,amckeaney3a@pinterest.com,Female,248.176.104.93
120,Ailee,Whitesel,awhitesel3b@posterous.com,Female,215.116.6.171
121,Amabelle,Cregan,acregan3c@a8.net,Female,131.13.32.154
122,Adel,Lebang,alebang3d@ibm.com,Female,57.69.70.16
123,Elka,Swatridge,eswatridge3e@friendfeed.com,Female,32.4.125.98
124,Kristen,Sennett,ksennett3f@washingtonpost.com,Female,91.224.1.206
125,Valry,Capeling,vcapeling3g@icio.us,Female,34.56.232.132
126,Marta,Matus,mmatus3h@rambler.ru,Female,222.109.197.178
127,Lola,Gillingham,lgillingham3i@shareasale.com,Female,110.172.96.36
128,Fitzgerald,Babington,fbabington3j@stumbleupon.com,Male,4.201.187.121
129,Allison,Sarl,asarl3k@furl.net,Female,245.157.242.97
130,Lindsey,Hammerstone,lhammerstone3l@blogspot.com,Female,34.71.181.84
131,Jillana,Killingsworth,jkillingsworth3m@webmd.com,Female,32.227.23.130
132,Jae,Feild,jfeild3n@alibaba.com,Male,35.54.142.141
133,Ferrel,Linebarger,flinebarger3o@sina.com.cn,Male,179.11.44.79
134,Frasier,Reuven,freuven3p@howstuffworks.com,Polygender,116.162.52.109
135,Bancroft,O'Currine,bocurrine3q@ft.com,Male,108.25.33.165
136,Elias,Bowller,ebowller3r@china.com.cn,Male,8.77.22.243
137,Christyna,Oxby,coxby3s@wiley.com,Female,32.175.124.32
138,Valentine,Hannum,vhannum3t@noaa.gov,Male,217.9.204.17
139,Nickie,Welburn,nwelburn3u@google.cn,Male,167.222.2.79
140,Emmit,Maslen,emaslen3v@microsoft.com,Male,222.134.38.138
141,Agace,Beecroft,abeecroft3w@elpais.com,Female,123.1.67.97
142,Beverley,Cornejo,bcornejo3x@yelp.com,Female,167.235.148.241
143,Maryanne,Thatcham,mthatcham3y@mozilla.org,Female,202.87.0.86
144,Vassily,Trenbey,vtrenbey3z@mashable.com,Male,222.58.246.23
145,Correy,Gaytor,cgaytor40@ovh.net,Female,144.99.100.198
146,Eldredge,Lenton,elenton41@vinaora.com,Male,61.67.49.27
147,Ingmar,Newart,inewart42@archive.org,Male,114.243.217.174
148,Casey,Garces,cgarces43@seesaa.net,Female,14.239.37.221
149,Fredra,Cutteridge,fcutteridge44@yelp.com,Female,220.126.83.209
150,Hyatt,Gremain,hgremain45@wiley.com,Male,137.140.207.195
151,Berkly,Stanger,bstanger46@newyorker.com,Male,46.163.209.158
152,Malynda,Paz,mpaz47@army.mil,Female,235.216.231.48
153,Chaim,Bordone,cbordone48@yellowpages.com,Male,197.23.185.249
154,Beatrix,Piecha,bpiecha49@geocities.com,Female,73.177.157.234
155,Hugh,Arnaut,harnaut4a@drupal.org,Male,18.238.114.94
156,Bealle,Bloxsum,bbloxsum4b@wordpress.com,Male,117.40.118.132
157,Justina,Rouge,jrouge4c@hao123.com,Female,149.75.162.29
158,Boigie,MacGiany,bmacgiany4d@umich.edu,Male,11.45.215.201
159,Sherilyn,Lapley,slapley4e@jimdo.com,Polygender,232.154.195.201
160,Osborne,Gricks,ogricks4f@myspace.com,Male,149.216.121.250
161,Noe,Dymick,ndymick4g@intel.com,Male,9.34.106.62
162,Gordy,Zimmerman,gzimmerman4h@feedburner.com,Male,129.76.116.236
163,Giffer,Marshalleck,gmarshalleck4i@fastcompany.com,Male,97.187.183.222
164,Matteo,Swarbrigg,mswarbrigg4j@huffingtonpost.com,Male,77.54.62.117
165,Lorenzo,Brimner,lbrimner4k@bloglovin.com,Male,7.166.36.121
166,Salmon,Scemp,sscemp4l@usa.gov,Male,106.157.70.95
167,Wynn,Crees,wcrees4m@un.org,Female,21.249.148.201
168,Gery,Osan,gosan4n@nba.com,Male,191.180.161.2
169,Valerie,Zavattiero,vzavattiero4o@nbcnews.com,Female,117.47.114.122
170,Dehlia,Hablot,dhablot4p@drupal.org,Female,22.45.182.247
171,Marci,Kynson,mkynson4q@telegraph.co.uk,Agender,120.95.51.118
172,Sterne,Prewer,sprewer4r@qq.com,Male,90.131.54.110
173,Beverlie,Percy,bpercy4s@timesonline.co.uk,Female,94.197.62.121
174,Gabby,Espy,gespy4t@dmoz.org,Male,195.40.229.143
175,Dennie,Bilton,dbilton4u@gravatar.com,Female,128.244.144.135
176,Meredithe,Farlow,mfarlow4v@ucla.edu,Female,134.72.125.98
177,Dallas,Mc Gee,dmcgee4w@go.com,Female,199.43.188.185
178,Cris,Symondson,csymondson4x@baidu.com,Non-binary,9.248.147.68
179,Packston,Bleasdille,pbleasdille4y@joomla.org,Agender,185.84.37.29
180,Tiffi,Punton,tpunton4z@surveymonkey.com,Female,26.21.141.11
181,Cynthea,Roncelli,croncelli50@issuu.com,Female,42.4.158.144
182,Maximo,Gettins,mgettins51@biblegateway.com,Male,158.2.224.73
183,Leonhard,Pheasant,lpheasant52@seesaa.net,Male,185.31.205.43
184,Tod,Blasdale,tblasdale53@nifty.com,Male,79.205.56.81
185,Vivie,Zaple,vzaple54@biglobe.ne.jp,Female,76.159.103.77
186,Ogdan,Ruffey,oruffey55@smh.com.au,Male,36.112.91.109
187,Rowena,Waddam,rwaddam56@symantec.com,Female,169.209.3.22
188,Veriee,Keane,vkeane57@noaa.gov,Female,234.83.126.64
189,Emilee,Goodbarr,egoodbarr58@microsoft.com,Female,45.180.40.24
190,Lizabeth,Andrin,landrin59@php.net,Female,181.57.5.26
191,Melisse,Sugar,msugar5a@utexas.edu,Female,170.164.80.98
192,Arni,Malt,amalt5b@google.co.uk,Male,217.154.199.55
193,Morty,Fielden,mfielden5c@webs.com,Male,146.101.56.23
194,Pamela,Danniell,pdanniell5d@economist.com,Female,91.26.94.94
195,Cathi,Bavin,cbavin5e@soundcloud.com,Female,32.63.45.182
196,Shayne,Soldan,ssoldan5f@e-recht24.de,Male,27.0.109.129
197,Georgine,Weedenburg,gweedenburg5g@so-net.ne.jp,Polygender,206.64.70.160
198,Caroljean,Deniseau,cdeniseau5h@telegraph.co.uk,Female,100.82.21.241
199,Toni,Thoresby,tthoresby5i@bing.com,Genderqueer,36.182.126.129
200,Dalia,Simeonov,dsimeonov5j@wikipedia.org,Genderqueer,95.178.211.34
201,Ava,Sillitoe,asillitoe5k@smugmug.com,Female,110.67.42.69
202,Modesty,Goold,mgoold5l@360.cn,Female,114.53.109.205
203,Brenn,O'Lennane,bolennane5m@skyrock.com,Female,46.7.77.159
204,Tobe,Musprat,tmusprat5n@zimbio.com,Male,38.43.250.124
205,Kingsly,O'Devey,kodevey5o@google.co.uk,Male,231.45.2.0
206,Jewell,Burgoyne,jburgoyne5p@wufoo.com,Female,51.11.154.132
207,Annabela,Casine,acasine5q@sourceforge.net,Female,198.200.66.1
208,Maggie,Emmatt,memmatt5r@disqus.com,Female,227.242.76.169
209,Kendall,Wemes,kwemes5s@technorati.com,Male,114.42.85.50
210,Gustavus,Shyre,gshyre5t@chronoengine.com,Male,122.178.133.227
211,Alexis,Gwinnell,agwinnell5u@newyorker.com,Male,136.184.136.74
212,Estella,Preshous,epreshous5v@qq.com,Female,206.174.240.223
213,Addison,Goodall,agoodall5w@devhub.com,Non-binary,170.147.172.170
214,Ring,Farris,rfarris5x@storify.com,Male,1.179.246.220
215,Susy,Alway,salway5y@abc.net.au,Female,232.43.226.49
216,Estell,Meale,emeale5z@wsj.com,Female,148.208.2.7
217,Carolynn,Turnor,cturnor60@hexun.com,Female,186.197.191.103
218,Morris,Petrussi,mpetrussi61@go.com,Male,222.108.48.179
219,Simone,McDougal,smcdougal62@telegraph.co.uk,Male,69.243.197.177
220,Kiri,O'Cannovane,kocannovane63@360.cn,Female,60.106.24.43
221,Andreas,Abbott,aabbott64@netlog.com,Genderqueer,165.27.78.22
222,Allix,Harrod,aharrod65@umn.edu,Female,67.15.163.150
223,Buddie,Gingel,bgingel66@zdnet.com,Male,12.193.143.221
224,Felike,Vynall,fvynall67@cloudflare.com,Male,211.89.66.183
225,Cicily,Tennock,ctennock68@uiuc.edu,Female,173.220.62.151
226,Collie,Conisbee,cconisbee69@engadget.com,Female,37.68.133.247
227,Devy,Argente,dargente6a@sohu.com,Male,195.102.192.92
228,Carly,Haylock,chaylock6b@squarespace.com,Female,132.199.116.17
229,Waring,Websdale,wwebsdale6c@apple.com,Male,50.60.41.158
230,Land,Happer,lhapper6d@mysql.com,Male,215.229.59.57
231,Happy,O'Dowling,hodowling6e@webmd.com,Female,172.40.172.252
232,Alejoa,Blazdell,ablazdell6f@hhs.gov,Male,220.90.131.108
233,Chev,Brounsell,cbrounsell6g@yellowbook.com,Male,82.0.37.220
234,Eugenie,Hawkyens,ehawkyens6h@over-blog.com,Female,214.123.225.137
235,Geno,Rockwill,grockwill6i@issuu.com,Male,127.136.149.60
236,Fairleigh,Blood,fblood6j@dedecms.com,Male,20.126.247.151
237,Nicolas,Vinck,nvinck6k@wisc.edu,Male,67.171.147.196
238,Graig,Janacek,gjanacek6l@nps.gov,Male,40.21.206.111
239,Wittie,Blaxley,wblaxley6m@hugedomains.com,Male,13.106.101.151
240,Letizia,Denham,ldenham6n@technorati.com,Female,161.239.169.218
241,Saloma,Moorman,smoorman6o@weather.com,Female,233.4.231.48
242,Rowan,Simak,rsimak6p@homestead.com,Male,204.250.30.146
243,Max,Athow,mathow6q@cmu.edu,Female,220.230.244.219
244,Cosme,Casserley,ccasserley6r@independent.co.uk,Male,137.97.253.228
245,Barnaby,Casper,bcasper6s@wordpress.com,Male,163.241.183.106
246,Cathy,MacLardie,cmaclardie6t@hatena.ne.jp,Female,174.23.203.111
247,Caitlin,Matijasevic,cmatijasevic6u@smh.com.au,Female,206.228.199.177
248,Guendolen,Chadbourne,gchadbourne6v@elpais.com,Female,40.99.104.245
249,Jean,Minker,jminker6w@deviantart.com,Male,46.126.197.206
250,Haley,Hearsey,hhearsey6x@bluehost.com,Female,184.183.62.212
251,Leann,Urquhart,lurquhart6y@google.ca,Female,42.163.46.172
252,Ceciley,Auger,cauger6z@bbb.org,Female,222.47.6.17
253,Antonina,Halms,ahalms70@businessinsider.com,Female,165.164.106.59
254,Wallache,Wyatt,wwyatt71@senate.gov,Male,39.254.141.154
255,Sherie,Crumbleholme,scrumbleholme72@privacy.gov.au,Female,92.134.70.128
256,Jordain,Mapledoram,jmapledoram73@uiuc.edu,Genderqueer,58.141.215.168
257,Krystle,Tradewell,ktradewell74@edublogs.org,Female,176.201.250.233
258,Cyrille,Fellis,cfellis75@reddit.com,Bigender,28.127.239.149
259,Virgina,De'Ath,vdeath76@weebly.com,Female,177.175.173.89
260,Cornela,Linning,clinning77@indiegogo.com,Female,128.94.179.214
261,Zenia,Jakolevitch,zjakolevitch78@jigsy.com,Female,132.66.243.111
262,Kristyn,Mathivat,kmathivat79@squarespace.com,Female,194.30.47.96
263,Hannis,McDyer,hmcdyer7a@ebay.co.uk,Female,117.181.10.34
264,Augustine,Chatelain,achatelain7b@wufoo.com,Male,159.243.88.54
265,Jany,McFaell,jmcfaell7c@cyberchimps.com,Female,117.115.151.97
266,Burr,O'Hickee,bohickee7d@squidoo.com,Male,246.43.43.58
267,Ema,Varne,evarne7e@bbc.co.uk,Female,231.181.251.48
268,Dulce,Hasnip,dhasnip7f@upenn.edu,Female,171.7.21.138
269,Barris,Ketchaside,bketchaside7g@de.vu,Male,205.145.55.91
270,Rudyard,Scott,rscott7h@springer.com,Male,163.42.50.131
271,Iggie,Van Waadenburg,ivanwaadenburg7i@last.fm,Male,1.250.227.0
272,Mace,Elliker,melliker7j@google.co.jp,Male,37.207.169.125
273,Gilly,Sterzaker,gsterzaker7k@webnode.com,Female,166.249.59.135
274,Jennee,Clayton,jclayton7l@mozilla.org,Female,57.156.104.116
275,Ronnie,MacGorman,rmacgorman7m@fema.gov,Male,122.237.58.168
276,Kakalina,Conibeer,kconibeer7n@shutterfly.com,Female,49.170.192.10
277,Jude,Stein,jstein7o@europa.eu,Male,91.59.67.83
278,Brina,Gulk,bgulk7p@wufoo.com,Non-binary,87.171.74.161
279,Benedict,Hupka,bhupka7q@cam.ac.uk,Male,2.232.200.184
280,Buddy,McCorkell,bmccorkell7r@stumbleupon.com,Male,131.188.212.41
281,Kacie,McKnish,kmcknish7s@wp.com,Genderfluid,4.213.161.251
282,Taddeusz,de Villier,tdevillier7t@naver.com,Male,61.128.131.170
283,Fenelia,Beernaert,fbeernaert7u@booking.com,Female,204.190.178.41
284,Falkner,Pollack,fpollack7v@walmart.com,Genderqueer,157.17.118.72
285,Katerina,Towler,ktowler7w@adobe.com,Female,162.176.194.203
286,Netta,Etherington,netherington7x@usda.gov,Female,83.62.220.7
287,Francois,Le Pruvost,flepruvost7y@ovh.net,Male,50.108.4.128
288,Katerina,Jeacock,kjeacock7z@about.com,Female,130.203.193.183
289,Finley,Geldeford,fgeldeford80@foxnews.com,Male,128.102.189.187
290,Harlen,Tigner,htigner81@tripod.com,Male,225.150.47.15
291,Gabriel,Stickels,gstickels82@google.es,Polygender,236.71.181.91
292,Ward,Woloschinski,wwoloschinski83@lycos.com,Male,251.96.129.125
293,Les,Dibnah,ldibnah84@amazonaws.com,Male,208.254.9.58
294,Jaime,Jolliffe,jjolliffe85@howstuffworks.com,Male,98.72.69.94
295,Lukas,Gorgl,lgorgl86@google.pl,Male,153.22.118.246
296,Elnore,Chorley,echorley87@fastcompany.com,Female,67.25.83.182
297,Tani,Stigell,tstigell88@hc360.com,Female,131.184.211.180
298,Jarvis,Martinet,jmartinet89@lycos.com,Male,106.105.22.152
299,Gelya,Michin,gmichin8a@vkontakte.ru,Female,155.220.214.113
300,Maire,Willcock,mwillcock8b@fema.gov,Female,234.65.195.100
301,Tiffany,Allchin,tallchin8c@yahoo.com,Female,150.182.4.138
302,Korie,MacKinnon,kmackinnon8d@pbs.org,Female,189.161.224.193
303,Lorrayne,Henaughan,lhenaughan8e@cnn.com,Genderqueer,188.75.95.82
304,Kacy,Thoresbie,kthoresbie8f@mozilla.com,Female,200.16.234.144
305,Consuelo,Pikhno,cpikhno8g@foxnews.com,Female,13.32.80.165
306,Issy,Dunwoody,idunwoody8h@odnoklassniki.ru,Female,20.243.197.15
307,Lombard,Pattrick,lpattrick8i@stanford.edu,Male,45.154.71.206
308,Billye,D'Aguanno,bdaguanno8j@github.com,Female,96.230.224.8
309,Dom,Batchelder,dbatchelder8k@aboutads.info,Male,140.189.110.96
310,Sayre,Neasam,sneasam8l@mayoclinic.com,Male,46.49.62.169
311,Walsh,Pursehouse,wpursehouse8m@digg.com,Male,228.165.249.144
312,Lazar,Beal,lbeal8n@admin.ch,Polygender,7.118.144.83
313,Bogey,Baistow,bbaistow8o@illinois.edu,Male,254.109.183.129
314,Alford,Langworthy,alangworthy8p@sciencedirect.com,Male,233.59.76.94
315,Leonerd,Brann,lbrann8q@symantec.com,Male,91.237.138.239
316,August,Roizin,aroizin8r@china.com.cn,Male,169.170.126.239
317,Ailsun,Gansbuhler,agansbuhler8s@linkedin.com,Agender,136.43.75.226
318,Evita,Parrott,eparrott8t@list-manage.com,Female,253.231.3.57
319,Slade,Berthod,sberthod8u@51.la,Male,95.176.4.238
320,Nita,Jankin,njankin8v@sohu.com,Female,144.129.153.73
321,Bartolomeo,Hyndes,bhyndes8w@umich.edu,Male,38.179.38.157
322,Silvain,Aysik,saysik8x@spiegel.de,Male,34.111.131.252
323,Lamar,Symes,lsymes8y@netscape.com,Male,33.125.148.68
324,Penelopa,Aspden,paspden8z@nydailynews.com,Female,175.141.109.101
325,Adda,Pantin,apantin90@lulu.com,Female,19.78.180.133
326,Dionis,Tirkin,dtirkin91@unc.edu,Female,66.139.218.134
327,Natalina,Seller,nseller92@cdc.gov,Female,151.46.202.232
328,Claudetta,Robbeke,crobbeke93@japanpost.jp,Female,194.121.103.175
329,Hermon,Conor,hconor94@msu.edu,Non-binary,194.78.156.116
330,Jordan,Witnall,jwitnall95@infoseek.co.jp,Female,190.224.107.13
331,Franni,Hatherley,fhatherley96@psu.edu,Female,0.152.132.70
332,Everett,Vinck,evinck97@cmu.edu,Male,127.43.218.3
333,Murdock,Janik,mjanik98@exblog.jp,Male,226.84.164.200
334,Austine,Aucourte,aaucourte99@umich.edu,Female,122.24.45.140
335,Oswald,Dorwood,odorwood9a@cam.ac.uk,Male,161.131.235.62
336,Magdalen,Patek,mpatek9b@naver.com,Female,62.94.183.231
337,Ahmed,Critchley,acritchley9c@ow.ly,Male,145.191.157.202
338,Kirsti,Southerill,ksoutherill9d@printfriendly.com,Female,222.130.60.54
339,Traver,Gullivan,tgullivan9e@goodreads.com,Male,27.108.58.73
340,Vicky,Grunson,vgrunson9f@g.co,Genderqueer,14.32.140.231
341,Zebulon,Zanotti,zzanotti9g@zdnet.com,Genderfluid,234.123.116.195
342,Pasquale,Reynolds,preynolds9h@shinystat.com,Male,49.91.172.99
343,Giuseppe,Aguirrezabala,gaguirrezabala9i@elpais.com,Male,11.132.49.158
344,Yvor,Schade,yschade9j@sun.com,Male,177.21.198.44
345,Manuel,Lestrange,mlestrange9k@tmall.com,Male,54.72.103.34
346,Bliss,Mulkerrins,bmulkerrins9l@prlog.org,Female,29.107.170.5
347,Zebulen,Gonzales,zgonzales9m@goodreads.com,Male,122.188.181.144
348,Glenna,Chauvey,gchauvey9n@addthis.com,Female,96.247.142.27
349,Rooney,Lugard,rlugard9o@google.co.uk,Male,63.78.196.13
350,Constancia,Figures,cfigures9p@51.la,Female,124.28.76.167
351,Gaylor,Muckley,gmuckley9q@ustream.tv,Male,11.166.29.240
352,Nona,Beardow,nbeardow9r@multiply.com,Female,83.103.175.47
353,Craggie,Jauncey,cjauncey9s@xing.com,Male,210.31.75.132
354,Gladi,Hawkey,ghawkey9t@privacy.gov.au,Female,143.69.64.240
355,Cahra,Polendine,cpolendine9u@mediafire.com,Female,15.225.56.57
356,Noelle,Klageman,nklageman9v@dailymotion.com,Female,123.120.121.111
357,Wilmer,Dowtry,wdowtry9w@purevolume.com,Male,219.25.147.138
358,Berna,Abrahm,babrahm9x@weibo.com,Female,82.174.186.251
359,Coleen,Beaman,cbeaman9y@so-net.ne.jp,Female,99.187.182.193
360,Florie,Vandrill,fvandrill9z@aol.com,Female,222.140.64.76
361,Emmalyn,Welman,ewelmana0@geocities.com,Female,224.134.149.60
362,Clarie,Conquer,cconquera1@who.int,Female,60.23.179.129
363,Madlin,Cabbell,mcabbella2@joomla.org,Bigender,120.147.252.34
364,Eugen,Thackray,ethackraya3@sbwire.com,Male,214.130.160.25
365,Ianthe,Eddowes,ieddowesa4@livejournal.com,Female,221.75.8.248
366,Murdoch,Vearnals,mvearnalsa5@gmpg.org,Male,27.3.187.187
367,Stefania,Glanton,sglantona6@who.int,Female,57.46.190.233
368,Connie,Hudel,chudela7@usatoday.com,Male,180.96.43.57
369,Tyrus,Hext,thexta8@marriott.com,Male,34.17.158.18
370,Kary,Arro,karroa9@theglobeandmail.com,Female,205.245.237.101
371,Jodie,Siviter,jsiviteraa@feedburner.com,Male,36.36.222.162
372,Fred,Sullivan,fsullivanab@yale.edu,Female,154.143.18.184
373,Zsazsa,Dudlestone,zdudlestoneac@cdbaby.com,Female,113.213.24.0
374,Magdaia,Rushbury,mrushburyad@si.edu,Female,232.106.205.216
375,Dallon,Craddy,dcraddyae@t-online.de,Male,178.54.105.127
376,Clair,Kroin,ckroinaf@earthlink.net,Female,212.115.120.35
377,Sky,McLeary,smclearyag@springer.com,Male,79.169.238.137
378,Aldus,Spelman,aspelmanah@ifeng.com,Male,5.193.133.214
379,Ernest,Cowlishaw,ecowlishawai@friendfeed.com,Male,26.77.73.42
380,Laurena,Vellender,lvellenderaj@myspace.com,Female,26.111.40.162
381,Kin,Taudevin,ktaudevinak@walmart.com,Agender,14.65.54.201
382,Meyer,Shall,mshallal@symantec.com,Male,167.92.142.61
383,Lorne,Spitell,lspitellam@elegantthemes.com,Male,127.79.48.70
384,Con,Nunes Nabarro,cnunesnabarroan@gravatar.com,Female,24.57.159.150
385,Verney,Challender,vchallenderao@upenn.edu,Polygender,89.128.121.25
386,Hall,Pitts,hpittsap@bloglines.com,Male,67.139.36.213
387,Donovan,Clemintoni,dclemintoniaq@cisco.com,Male,139.172.159.47
388,Raeann,Arlow,rarlowar@npr.org,Female,153.166.166.128
389,Lewie,Rizzetti,lrizzettias@bbb.org,Genderfluid,39.98.233.156
390,Elicia,Grewes,egrewesat@hexun.com,Female,100.217.180.159
391,Dale,Broggini,dbrogginiau@berkeley.edu,Female,88.134.186.150
392,Bekki,Webburn,bwebburnav@npr.org,Female,10.47.126.182
393,Renate,Marlow,rmarlowaw@google.pl,Genderfluid,166.243.242.49
394,Mame,Erat,meratax@netlog.com,Female,87.197.81.201
395,Dion,Igglesden,digglesdenay@utexas.edu,Female,59.164.26.10
396,Sherlocke,Stango,sstangoaz@unesco.org,Male,87.108.12.55
397,Nerti,Spinella,nspinellab0@nymag.com,Female,209.229.192.150
398,Bren,Ruttgers,bruttgersb1@vimeo.com,Male,250.66.179.15
399,Jessamyn,Fewless,jfewlessb2@msn.com,Female,199.186.18.174
400,Duky,O'Doogan,dodooganb3@google.ru,Male,187.184.253.228
401,Lorraine,O'Hagirtie,lohagirtieb4@digg.com,Female,156.60.217.136
402,Abner,Greenacre,agreenacreb5@loc.gov,Male,8.78.215.137
403,Mallory,Napton,mnaptonb6@paypal.com,Genderqueer,121.154.26.47
404,Ebonee,Rushsorth,erushsorthb7@army.mil,Female,113.130.70.157
405,Ross,Trembath,rtrembathb8@qq.com,Male,11.187.4.244
406,Kassey,Gallelli,kgallellib9@skyrock.com,Female,60.90.39.29
407,Alfie,Ripley,aripleyba@about.com,Female,224.249.24.208
408,Codie,Srutton,csruttonbb@mozilla.com,Non-binary,150.122.126.6
409,Tammi,McMichael,tmcmichaelbc@hostgator.com,Female,31.69.21.102
410,Dael,Iron,dironbd@va.gov,Male,143.176.149.100
411,Olly,Ollis,oollisbe@amazonaws.com,Male,204.125.73.88
412,Barbi,Braund,bbraundbf@tamu.edu,Female,0.173.19.34
413,Al,Westbrook,awestbrookbg@ifeng.com,Non-binary,232.27.149.136
414,Roshelle,Pedroni,rpedronibh@studiopress.com,Female,227.140.191.0
415,Deeanne,Guslon,dguslonbi@privacy.gov.au,Female,170.190.109.59
416,Jarrad,Lowndesbrough,jlowndesbroughbj@google.com,Male,117.144.162.170
417,Case,McMurray,cmcmurraybk@moonfruit.com,Male,217.172.235.70
418,Sarena,Ackeroyd,sackeroydbl@weebly.com,Female,218.125.58.68
419,Gilberto,Luney,gluneybm@last.fm,Male,247.200.218.144
420,Chlo,Petegrew,cpetegrewbn@ebay.com,Female,37.145.73.207
421,Evan,Doak,edoakbo@hatena.ne.jp,Male,236.28.181.104
422,Delaney,Saby,dsabybp@aboutads.info,Male,13.122.84.207
423,Kendal,Cruces,kcrucesbq@marriott.com,Male,191.240.173.126
424,Dom,Catcheside,dcatchesidebr@abc.net.au,Male,97.15.78.83
425,Claus,Kopfer,ckopferbs@is.gd,Male,45.106.197.70
426,Jerad,Bertholin,jbertholinbt@hostgator.com,Male,156.177.165.46
427,Dyanna,Sumnall,dsumnallbu@irs.gov,Female,151.214.13.209
428,Pail,Fance,pfancebv@craigslist.org,Male,33.87.174.104
429,Jordan,Loynton,jloyntonbw@google.fr,Bigender,168.80.74.148
430,Janna,Gaythwaite,jgaythwaitebx@columbia.edu,Female,0.23.242.48
431,Grazia,Hofler,ghoflerby@squarespace.com,Genderfluid,103.224.62.179
432,Bettine,Heatley,bheatleybz@weather.com,Female,92.96.6.29
433,Tonya,Mildner,tmildnerc0@webs.com,Female,124.30.110.73
434,Kitty,Heggman,kheggmanc1@etsy.com,Female,237.190.1.8
435,Clementina,Ripper,cripperc2@ted.com,Female,202.60.174.11
436,Adelaide,Lidden,aliddenc3@who.int,Female,249.186.179.157
437,Tedda,Treffry,ttreffryc4@pagesperso-orange.fr,Female,104.161.125.174
438,Stevie,McKendry,smckendryc5@reference.com,Male,170.119.70.154
439,Jobey,Bonnavant,jbonnavantc6@yellowbook.com,Genderfluid,141.199.13.68
440,Jarid,Macveigh,jmacveighc7@wikipedia.org,Male,142.57.78.198
441,Hyacinth,Warnes,hwarnesc8@1688.com,Female,242.37.147.96
442,Aloisia,Colquit,acolquitc9@illinois.edu,Genderfluid,197.112.90.70
443,Abbie,Fruchter,afruchterca@goo.gl,Male,59.181.12.176
444,Malina,Rowntree,mrowntreecb@list-manage.com,Female,48.3.44.17
445,Fianna,Danielis,fdanieliscc@aboutads.info,Female,34.208.165.110
446,Cindi,Soane,csoanecd@msn.com,Female,232.178.220.157
447,Hunt,Briston,hbristonce@hostgator.com,Male,152.9.113.126
448,Germaine,Dennant,gdennantcf@qq.com,Female,79.81.79.221
449,Henrietta,Nibley,hnibleycg@cdc.gov,Female,40.191.141.25
450,Wynny,Pol,wpolch@wisc.edu,Female,89.29.38.115
451,Agathe,Rock,arockci@dedecms.com,Female,246.151.53.80
452,Em,Severn,eseverncj@cbslocal.com,Female,149.100.64.210
453,Laurel,Sutherel,lsutherelck@slashdot.org,Female,4.105.239.193
454,Marianna,Cornew,mcornewcl@gizmodo.com,Female,189.57.0.121
455,Enrichetta,Mowen,emowencm@businessweek.com,Female,220.40.231.72
456,Farly,Aubert,faubertcn@creativecommons.org,Male,193.232.98.156
457,Sarah,Treagust,streagustco@rambler.ru,Female,38.86.88.246
458,Norah,Mayall,nmayallcp@sbwire.com,Female,161.215.206.25
459,Jakob,Vernay,jvernaycq@dell.com,Male,56.131.111.202
460,Binny,Bourhill,bbourhillcr@cbslocal.com,Female,195.192.182.214
461,Nessi,Weinberg,nweinbergcs@yellowpages.com,Female,12.118.142.51
462,Adlai,Vivash,avivashct@xing.com,Male,234.156.174.155
463,April,Hundey,ahundeycu@plala.or.jp,Bigender,253.179.253.44
464,Lottie,Sampson,lsampsoncv@tripod.com,Female,29.114.230.8
465,Matelda,Blackaller,mblackallercw@statcounter.com,Female,220.123.147.234
466,Jacobo,Sindell,jsindellcx@cmu.edu,Male,114.171.136.121
467,Brock,Beresford,bberesfordcy@ibm.com,Male,219.193.9.216
468,Cullin,Finder,cfindercz@infoseek.co.jp,Male,198.47.79.234
469,Martita,Helks,mhelksd0@google.fr,Female,239.99.215.53
470,Dyna,Tenbrug,dtenbrugd1@bravesites.com,Female,153.183.109.148
471,Filmore,Slowgrave,fslowgraved2@soundcloud.com,Male,201.15.153.7
472,Benson,Danford,bdanfordd3@xing.com,Bigender,168.180.215.33
473,Sampson,Revie,srevied4@narod.ru,Male,28.239.15.242
474,Kristofor,Mattersey,kmatterseyd5@lulu.com,Male,253.211.79.198
475,Mil,Coram,mcoramd6@macromedia.com,Polygender,184.204.32.193
476,Carny,Batter,cbatterd7@newsvine.com,Male,113.109.232.210
477,Micheal,Matterson,mmattersond8@bloomberg.com,Male,52.106.8.21
478,Idalina,Camamill,icamamilld9@gizmodo.com,Female,64.51.173.38
479,Ronni,Tithecote,rtithecoteda@ovh.net,Genderqueer,212.118.191.211
480,Loralee,Simoens,lsimoensdb@princeton.edu,Female,255.162.80.9
481,Magdalen,Krochmann,mkrochmanndc@ask.com,Female,187.236.185.119
482,Tiffy,Muscat,tmuscatdd@omniture.com,Female,51.214.8.193
483,Rivalee,Kennham,rkennhamde@blogtalkradio.com,Female,164.74.21.57
484,Parker,Spilling,pspillingdf@amazon.co.jp,Genderqueer,222.149.95.9
485,Reube,Fraser,rfraserdg@godaddy.com,Male,208.149.101.14
486,Lorry,Llewellin,lllewellindh@hatena.ne.jp,Female,17.50.105.101
487,Ariadne,Thomkins,athomkinsdi@phoca.cz,Female,98.243.151.166
488,Wendeline,Lambertson,wlambertsondj@prweb.com,Female,84.55.216.163
489,Stirling,Kasperski,skasperskidk@cbsnews.com,Male,92.74.107.245
490,Avram,Normavell,anormavelldl@123-reg.co.uk,Male,76.187.147.43
491,Markus,Aspital,maspitaldm@yolasite.com,Male,141.18.153.196
492,Adoree,Mucklestone,amucklestonedn@photobucket.com,Female,132.199.115.239
493,Saul,Coad,scoaddo@buzzfeed.com,Male,245.162.185.215
494,Chilton,Andor,candordp@jalbum.net,Male,89.128.115.107
495,Ronnie,Birdis,rbirdisdq@joomla.org,Male,95.134.195.10
496,Merle,Mottini,mmottinidr@accuweather.com,Female,104.212.176.147
497,Nickolaus,Dubois,nduboisds@barnesandnoble.com,Male,176.58.62.26
498,Wolfie,Wofenden,wwofendendt@ow.ly,Male,219.30.93.72
499,Lowrance,Maseres,lmaseresdu@paypal.com,Polygender,30.120.219.197
500,Judie,Ucceli,juccelidv@marriott.com,Female,245.215.174.69
501,Kelcy,Climance,kclimancedw@google.nl,Female,175.6.67.70
502,Madeleine,Shovelton,mshoveltondx@bluehost.com,Female,150.222.43.52
503,Bunni,Lockey,blockeydy@state.tx.us,Female,118.19.205.107
504,Bernadene,Stoite,bstoitedz@rakuten.co.jp,Female,104.86.48.205
505,Renault,Dabels,rdabelse0@nbcnews.com,Male,205.86.7.99
506,Teirtza,Lowrey,tlowreye1@mit.edu,Female,214.147.36.105
507,Sauveur,Murby,smurbye2@xinhuanet.com,Male,27.86.46.189
508,Eric,Osgar,eosgare3@elpais.com,Male,239.122.123.218
509,Chad,Gilson,cgilsone4@indiegogo.com,Female,4.240.41.101
510,Janessa,Olexa,jolexae5@sbwire.com,Female,157.175.142.65
511,Babbette,Sergeant,bsergeante6@epa.gov,Female,165.10.193.82
512,Mikkel,Dunsford,mdunsforde7@howstuffworks.com,Male,148.59.128.191
513,Hamlen,Learoyd,hlearoyde8@mtv.com,Male,104.30.180.161
514,Garth,Lambdon,glambdone9@msn.com,Male,34.39.202.180
515,Penelope,Dymocke,pdymockeea@usda.gov,Female,107.248.39.49
516,Herve,Lefley,hlefleyeb@columbia.edu,Male,71.2.244.75
517,Morgana,Dan,mdanec@netscape.com,Female,40.17.50.152
518,Emilia,Minard,eminarded@house.gov,Female,26.1.29.74
519,Mike,MacCostigan,mmaccostiganee@tamu.edu,Male,253.142.114.181
520,Ilaire,Walton,iwaltonef@bbb.org,Male,75.59.215.203
521,Laraine,Padell,lpadelleg@surveymonkey.com,Female,131.79.35.89
522,Maxwell,De Brett,mdebretteh@chronoengine.com,Male,126.193.152.137
523,Adolphe,Siveter,asiveterei@wisc.edu,Male,108.3.206.14
524,Giuseppe,Orvis,gorvisej@dropbox.com,Male,5.112.79.102
525,Amie,Springate,aspringateek@blinklist.com,Female,157.183.188.55
526,Aline,Capper,acapperel@cam.ac.uk,Agender,48.8.55.46
527,Dolorita,Ambrois,dambroisem@businesswire.com,Female,191.177.106.32
528,Artemus,Stobbs,astobbsen@bbc.co.uk,Male,90.248.76.145
529,Hermia,Braney,hbraneyeo@eepurl.com,Female,124.187.136.127
530,Kellen,Ferrer,kferrerep@blogger.com,Female,137.1.162.3
531,Margot,Almeida,malmeidaeq@senate.gov,Female,4.201.35.253
532,Sibelle,Jaze,sjazeer@nhs.uk,Female,199.9.16.63
533,Jacob,Humpherston,jhumpherstones@chicagotribune.com,Genderfluid,92.80.178.81
534,Gabriel,Eddington,geddingtonet@quantcast.com,Male,214.105.199.187
535,Powell,McIlwraith,pmcilwraitheu@xrea.com,Male,130.214.160.177
536,Skip,Fairbeard,sfairbeardev@liveinternet.ru,Male,123.245.117.130
537,Veronica,Rousby,vrousbyew@arizona.edu,Female,157.149.28.16
538,Sloane,Senton,ssentonex@engadget.com,Male,110.231.44.118
539,Jeramey,Carolan,jcarolaney@wikispaces.com,Male,148.139.230.226
540,Renato,Kemmet,rkemmetez@reverbnation.com,Male,14.59.230.128
541,Leone,Moxham,lmoxhamf0@independent.co.uk,Female,157.72.34.189
542,Ara,Bedder,abedderf1@google.ru,Female,243.193.164.23
543,Kaile,Barbisch,kbarbischf2@ftc.gov,Female,5.17.96.202
544,Jo,Hestrop,jhestropf3@usnews.com,Female,18.32.137.196
545,Heddi,Piens,hpiensf4@slideshare.net,Female,10.68.103.17
546,Dallis,Luxmoore,dluxmooref5@yellowpages.com,Male,179.38.185.132
547,Nealson,Magog,nmagogf6@simplemachines.org,Male,3.142.57.243
548,Madelena,Tumioto,mtumiotof7@technorati.com,Female,150.156.220.185
549,Alvin,Byles,abylesf8@tmall.com,Male,172.11.7.110
550,Robers,Copcott,rcopcottf9@slideshare.net,Male,108.237.137.20
551,Corenda,Singers,csingersfa@fc2.com,Polygender,125.16.44.18
552,Janice,Keedwell,jkeedwellfb@surveymonkey.com,Female,215.125.132.212
553,Appolonia,Spradbrow,aspradbrowfc@joomla.org,Polygender,255.213.125.208
554,Ottilie,Foux,ofouxfd@sourceforge.net,Female,73.71.110.251
555,Lenna,Peddie,lpeddiefe@census.gov,Female,185.46.176.101
556,Rickey,Staner,rstanerff@ning.com,Male,217.131.110.184
557,Bart,Elby,belbyfg@nymag.com,Agender,48.17.25.72
558,Carrie,Beminster,cbeminsterfh@lycos.com,Female,130.180.90.177
559,Merissa,Bentall,mbentallfi@epa.gov,Female,222.60.56.250
560,Tabitha,Shewry,tshewryfj@mapquest.com,Female,207.14.76.217
561,Dorry,Tobin,dtobinfk@twitter.com,Female,238.191.90.16
562,Meggi,Boles,mbolesfl@blog.com,Female,12.146.184.76
563,Federica,Spelman,fspelmanfm@yandex.ru,Female,253.172.98.141
564,Kenneth,Tarrant,ktarrantfn@networkadvertising.org,Male,244.185.187.21
565,Eleanora,Redhead,eredheadfo@sbwire.com,Female,255.224.187.137
566,Wash,Crinage,wcrinagefp@slate.com,Male,156.1.122.88
567,Demott,Ashborne,dashbornefq@thetimes.co.uk,Male,108.192.153.145
568,Ariana,Elgey,aelgeyfr@cbc.ca,Female,22.32.86.74
569,Jasper,Rylance,jrylancefs@ed.gov,Male,206.76.145.80
570,James,Sulman,jsulmanft@google.com,Male,222.119.231.127
571,Ailsun,Pleasaunce,apleasauncefu@networkadvertising.org,Female,243.207.249.224
572,Ranee,Yurkevich,ryurkevichfv@tmall.com,Female,114.189.5.215
573,Karie,Spadoni,kspadonifw@sina.com.cn,Female,61.86.238.168
574,Waylon,Izakov,wizakovfx@wix.com,Male,215.161.173.231
575,Cordie,Boutellier,cboutellierfy@opensource.org,Male,81.138.115.210
576,Deni,Di Franceschi,ddifranceschifz@msn.com,Female,61.188.178.181
577,Terrye,Daniells,tdaniellsg0@theatlantic.com,Genderqueer,34.213.123.137
578,Milli,Starmer,mstarmerg1@boston.com,Female,114.90.63.41
579,Odille,Grishunin,ogrishuning2@vk.com,Female,64.0.106.188
580,Bari,Penhall,bpenhallg3@123-reg.co.uk,Female,193.91.212.187
581,Aksel,Traske,atraskeg4@squidoo.com,Male,215.8.162.87
582,Penny,Gavrielly,pgavriellyg5@myspace.com,Female,198.152.16.23
583,Coral,Quick,cquickg6@yandex.ru,Female,28.39.5.205
584,Seka,Bussens,sbussensg7@storify.com,Female,85.108.60.224
585,Craggy,Shah,cshahg8@msu.edu,Male,75.176.126.215
586,Vidovic,Udell,vudellg9@wp.com,Male,189.173.238.206
587,Peggy,Dingley,pdingleyga@dedecms.com,Female,43.90.5.18
588,Jayme,Briddle,jbriddlegb@vinaora.com,Male,111.132.117.113
589,Marylynne,Twentyman,mtwentymangc@hexun.com,Female,146.217.81.159
590,Georgette,Eixenberger,geixenbergergd@fema.gov,Female,117.248.175.89
591,Gwenette,Drees,gdreesge@latimes.com,Female,196.32.89.15
592,Stafani,Smewing,ssmewinggf@flavors.me,Female,114.82.127.118
593,Sheeree,Paris,sparisgg@scientificamerican.com,Female,61.201.118.147
594,Ricky,Connechie,rconnechiegh@cocolog-nifty.com,Agender,63.204.188.18
595,Tadd,Tease,tteasegi@goodreads.com,Male,192.26.186.118
596,Dore,Melody,dmelodygj@meetup.com,Male,229.56.227.103
597,Anita,Lidgett,alidgettgk@gizmodo.com,Female,142.242.227.238
598,Gannon,Hunn,ghunngl@vistaprint.com,Male,226.101.30.83
599,Brnaba,Gussin,bgussingm@moonfruit.com,Male,125.216.160.163
600,Rasia,O'Currine,rocurrinegn@odnoklassniki.ru,Non-binary,79.102.206.109
601,Si,Ebanks,sebanksgo@github.com,Male,210.111.182.5
602,Ches,Rosenfelder,crosenfeldergp@last.fm,Male,51.16.245.29
603,Korrie,Labuschagne,klabuschagnegq@infoseek.co.jp,Female,12.90.196.13
604,Davey,Charlewood,dcharlewoodgr@4shared.com,Male,98.19.147.54
605,Marcile,Sporrij,msporrijgs@go.com,Female,87.123.25.87
606,Hobey,Gyse,hgysegt@mediafire.com,Male,95.214.223.153
607,Melli,Bunt,mbuntgu@wufoo.com,Female,129.254.33.11
608,Holly,Seely,hseelygv@senate.gov,Female,202.187.187.60
609,Saunders,Beavington,sbeavingtongw@eventbrite.com,Male,220.68.1.25
610,Geri,Smowton,gsmowtongx@marriott.com,Polygender,205.203.86.64
611,Mickie,Streeting,mstreetinggy@jigsy.com,Female,183.112.41.242
612,Gennifer,Emmens,gemmensgz@dion.ne.jp,Non-binary,70.37.116.204
613,Raff,MacGown,rmacgownh0@oakley.com,Male,228.79.81.156
614,Ophelia,Whytock,owhytockh1@epa.gov,Non-binary,225.172.178.180
615,Shelli,Entwisle,sentwisleh2@salon.com,Agender,202.84.169.36
616,Shirleen,Lawson,slawsonh3@uiuc.edu,Non-binary,63.227.33.109
617,Fae,Rosen,frosenh4@amazon.co.jp,Female,83.177.72.152
618,Rodrick,Ranns,rrannsh5@ow.ly,Male,229.37.119.105
619,Nikolos,Boutellier,nboutellierh6@slate.com,Male,127.119.47.143
620,Trev,Brugden,tbrugdenh7@google.cn,Male,47.190.86.242
621,Ferguson,Davidof,fdavidofh8@naver.com,Male,201.220.216.172
622,Rosemonde,Lecount,rlecounth9@gnu.org,Female,137.171.99.255
623,Arlin,Copas,acopasha@github.io,Male,178.110.221.215
624,Chantalle,Lavington,clavingtonhb@spotify.com,Female,195.255.137.84
625,Hayyim,Dies,hdieshc@shinystat.com,Male,30.48.100.17
626,Wittie,Ludl,wludlhd@cisco.com,Male,62.243.34.44
627,Alyce,Kilbride,akilbridehe@omniture.com,Female,175.195.16.4
628,Malvina,Fosher,mfosherhf@ezinearticles.com,Female,121.155.132.117
629,Gerrie,Ickeringill,gickeringillhg@latimes.com,Female,4.24.247.82
630,Noellyn,Capsey,ncapseyhh@deliciousdays.com,Female,163.183.232.188
631,Kaylil,Ciccarello,kciccarellohi@google.co.uk,Female,17.111.16.152
632,Ralph,Pirdy,rpirdyhj@reverbnation.com,Male,17.54.81.144
633,Christiane,Trippack,ctrippackhk@meetup.com,Female,55.15.136.21
634,Ramsey,Flipsen,rflipsenhl@blogger.com,Male,49.42.246.18
635,Leigh,Tooher,ltooherhm@nhs.uk,Male,38.210.6.188
636,Derril,Naisby,dnaisbyhn@bloomberg.com,Male,80.163.186.2
637,Carter,Pegler,cpeglerho@taobao.com,Male,21.225.53.28
638,Lambert,Lovelady,lloveladyhp@jigsy.com,Male,63.195.236.110
639,Towney,Rosenhaupt,trosenhaupthq@netvibes.com,Male,73.102.26.116
640,Salli,Mabbs,smabbshr@php.net,Female,22.12.186.207
641,Chaunce,Wrathmell,cwrathmellhs@homestead.com,Male,170.233.163.184
642,Beauregard,Rabidge,brabidgeht@addtoany.com,Male,64.219.101.115
643,Lamar,Krause,lkrausehu@netvibes.com,Male,187.133.71.75
644,Jone,Leggis,jleggishv@patch.com,Male,167.112.61.101
645,Jandy,Itzkovwich,jitzkovwichhw@npr.org,Female,239.141.118.144
646,Lefty,Booij,lbooijhx@yellowpages.com,Male,235.156.124.185
647,Hymie,Cardoso,hcardosohy@guardian.co.uk,Non-binary,55.0.21.3
648,Sissy,Bradnocke,sbradnockehz@nih.gov,Female,5.202.247.218
649,Gareth,Pyper,gpyperi0@mysql.com,Male,211.30.200.235
650,Chloette,Wigglesworth,cwigglesworthi1@ovh.net,Female,166.154.93.18
651,Prentice,Oakland,poaklandi2@tamu.edu,Male,110.243.144.118
652,Lynn,Harvatt,lharvatti3@mysql.com,Male,224.179.62.135
653,Delmore,Jennison,djennisoni4@cdc.gov,Male,6.115.250.21
654,Fonzie,Conlaund,fconlaundi5@51.la,Male,104.245.173.133
655,Hanny,Piegrome,hpiegromei6@fotki.com,Female,29.111.232.55
656,Fraze,Collerd,fcollerdi7@indiatimes.com,Male,245.51.30.39
657,Blondy,Murrock,bmurrocki8@sina.com.cn,Female,34.66.155.184
658,Keenan,Nelius,kneliusi9@sina.com.cn,Male,79.136.109.52
659,Ky,Checchi,kchecchiia@livejournal.com,Male,122.117.151.10
660,Basilio,Steabler,bsteablerib@fc2.com,Male,57.82.228.71
661,Anatollo,Brewitt,abrewittic@tinypic.com,Male,0.128.179.1
662,Christy,Tebbitt,ctebbittid@ft.com,Male,187.123.100.158
663,Vite,Millsom,vmillsomie@mayoclinic.com,Male,72.210.167.44
664,Bert,Dollimore,bdollimoreif@scribd.com,Female,107.7.90.237
665,Flem,Samudio,fsamudioig@miitbeian.gov.cn,Male,69.14.206.1
666,Malvin,Louys,mlouysih@si.edu,Male,15.145.146.153
667,Brigham,Glavias,bglaviasii@gnu.org,Male,103.56.199.80
668,Morris,Caselli,mcaselliij@networksolutions.com,Male,37.204.58.134
669,Silvio,Teasdale-Markie,steasdalemarkieik@cam.ac.uk,Male,17.165.1.60
670,Margaretta,Norcott,mnorcottil@abc.net.au,Female,49.211.89.24
671,Hoyt,Nanuccioi,hnanuccioiim@army.mil,Non-binary,138.70.113.80
672,Wendell,Saffell,wsaffellin@discovery.com,Male,129.2.177.251
673,Heddi,Kloisner,hkloisnerio@ihg.com,Female,164.160.234.157
674,Verney,Tonner,vtonnerip@meetup.com,Male,30.84.62.252
675,Joane,Emsden,jemsdeniq@dyndns.org,Female,177.31.206.120
676,Griffith,Assel,gasselir@weebly.com,Male,126.31.161.209
677,Kipp,Lembcke,klembckeis@wiley.com,Female,147.12.84.33
678,Danny,Ram,dramit@columbia.edu,Female,184.245.83.49
679,Elihu,Bromont,ebromontiu@goodreads.com,Male,62.209.4.221
680,Brody,Reeson,breesoniv@mayoclinic.com,Agender,25.192.181.240
681,Gavrielle,Stainton,gstaintoniw@wufoo.com,Female,10.12.174.207
682,Jewell,Morena,jmorenaix@weibo.com,Female,190.170.141.95
683,Kelci,Alliban,kallibaniy@senate.gov,Female,149.45.254.85
684,Correy,Cheek,ccheekiz@clickbank.net,Male,96.114.241.178
685,Sada,McKelvey,smckelveyj0@examiner.com,Female,192.158.31.242
686,Kaiser,Rentoll,krentollj1@ucla.edu,Male,230.99.211.165
687,Odelle,De Castri,odecastrij2@over-blog.com,Female,143.210.41.165
688,Carola,Lambdin,clambdinj3@quantcast.com,Female,25.145.73.1
689,Janene,Dressell,jdressellj4@buzzfeed.com,Female,10.204.135.92
690,Irving,Pavlovic,ipavlovicj5@discuz.net,Male,31.82.232.45
691,Lorilee,Stollmeier,lstollmeierj6@guardian.co.uk,Female,132.221.19.56
692,Cher,Christaeas,cchristaeasj7@vistaprint.com,Bigender,34.185.120.239
693,Gert,Perrins,gperrinsj8@soundcloud.com,Agender,130.21.45.51
694,Karylin,Farbrace,kfarbracej9@cpanel.net,Female,137.113.37.207
695,Irma,Mattedi,imattedija@usnews.com,Female,15.19.126.102
696,Cecelia,Block,cblockjb@example.com,Genderfluid,196.21.116.245
697,Anderson,Ketchaside,aketchasidejc@zimbio.com,Male,147.30.22.121
698,Emerson,Roscher,eroscherjd@51.la,Male,138.215.147.2
699,Merrile,Raw,mrawje@nbcnews.com,Female,154.70.206.213
700,Courtnay,Greber,cgreberjf@printfriendly.com,Female,199.9.96.226
701,Stuart,Hannan,shannanjg@woothemes.com,Male,209.141.216.134
702,Gabriela,Orteaux,gorteauxjh@ycombinator.com,Non-binary,163.75.185.193
703,Francklyn,Matuszkiewicz,fmatuszkiewiczji@ebay.co.uk,Male,136.240.146.202
704,Arv,McGenn,amcgennjj@businessweek.com,Male,92.147.171.69
705,Katlin,Saunderson,ksaundersonjk@naver.com,Female,237.203.246.235
706,Colman,Corday,ccordayjl@apple.com,Male,8.47.141.107
707,Jerrine,Stonbridge,jstonbridgejm@cbc.ca,Female,206.216.92.221
708,Corty,Philippard,cphilippardjn@youku.com,Male,87.125.133.96
709,Catlin,Mabee,cmabeejo@mozilla.com,Female,37.247.215.58
710,Felipe,Rosettini,frosettinijp@tamu.edu,Male,112.109.179.109
711,Silvain,Arenson,sarensonjq@meetup.com,Male,5.56.98.174
712,Jamesy,Chaff,jchaffjr@walmart.com,Male,47.74.246.64
713,Jacinda,Foss,jfossjs@chron.com,Female,84.212.54.170
714,Moll,Thomason,mthomasonjt@bloglovin.com,Female,246.228.181.108
715,Hoyt,Hotchkin,hhotchkinju@mlb.com,Male,110.208.139.191
716,Wallis,Gummary,wgummaryjv@archive.org,Male,77.247.135.88
717,Tremaine,Semon,tsemonjw@ezinearticles.com,Male,249.102.167.188
718,Olga,Glencorse,oglencorsejx@samsung.com,Female,11.9.242.173
719,Marchelle,Shafto,mshaftojy@surveymonkey.com,Female,203.28.106.93
720,Don,Condie,dcondiejz@ning.com,Male,232.50.165.30
721,Marietta,Rawe,mrawek0@about.me,Male,54.99.240.10
722,Erroll,Dullard,edullardk1@spiegel.de,Male,173.50.154.246
723,Izzy,Mirralls,imirrallsk2@surveymonkey.com,Male,166.218.215.18
724,Lavinie,Roughsedge,lroughsedgek3@e-recht24.de,Female,234.187.49.105
725,Carmel,Mucklow,cmucklowk4@yahoo.com,Female,103.80.255.62
726,Lizzie,Simonds,lsimondsk5@squidoo.com,Female,140.23.170.72
727,Thain,Scathard,tscathardk6@mysql.com,Male,107.207.150.204
728,Noelani,Ryce,nrycek7@go.com,Female,164.239.100.164
729,Hillel,Grooby,hgroobyk8@oracle.com,Male,203.148.60.50
730,Jackqueline,Clinning,jclinningk9@wp.com,Female,240.179.117.116
731,Tomkin,Bahl,tbahlka@auda.org.au,Male,159.213.36.188
732,Gregory,Sergeant,gsergeantkb@ustream.tv,Male,18.64.233.184
733,Cassie,Westrope,cwestropekc@meetup.com,Female,183.204.248.213
734,Victoir,Barsham,vbarshamkd@jiathis.com,Male,220.97.114.90
735,Pavia,Crohan,pcrohanke@discuz.net,Female,178.251.140.18
736,Orel,Basile,obasilekf@youku.com,Female,225.178.96.74
737,Andrej,Rodwell,arodwellkg@msn.com,Male,129.14.149.182
738,Carrol,Bergeau,cbergeaukh@clickbank.net,Male,81.199.150.69
739,Wilhelmina,Geary,wgearyki@ibm.com,Bigender,153.212.87.182
740,Rosalinda,Arton,rartonkj@army.mil,Female,92.29.254.165
741,Ester,Shurrock,eshurrockkk@cnet.com,Female,161.40.100.219
742,Sisely,Malim,smalimkl@theatlantic.com,Female,225.215.155.33
743,Helyn,Lyddyard,hlyddyardkm@domainmarket.com,Female,3.76.67.152
744,Marlon,Riba,mribakn@cbsnews.com,Male,148.230.52.115
745,Lissa,Letham,llethamko@baidu.com,Female,210.216.244.135
746,Reiko,Goodlad,rgoodladkp@hibu.com,Genderqueer,94.231.39.171
747,Min,Brimmell,mbrimmellkq@nasa.gov,Female,249.186.102.130
748,Correna,Mateus,cmateuskr@infoseek.co.jp,Female,208.68.144.146
749,Raffarty,Vince,rvinceks@edublogs.org,Male,127.73.196.89
750,Trenton,Insley,tinsleykt@ucoz.com,Male,170.243.145.58
751,Barbi,Carty,bcartyku@imageshack.us,Female,101.39.67.35
752,Adriena,Shellcross,ashellcrosskv@desdev.cn,Agender,81.84.170.193
753,Gratiana,Shales,gshaleskw@msu.edu,Female,49.157.19.127
754,Maritsa,Roseblade,mrosebladekx@studiopress.com,Female,61.168.57.209
755,Ivett,Hamlington,ihamlingtonky@51.la,Female,55.4.62.7
756,Irwin,Josephson,ijosephsonkz@sun.com,Agender,26.58.71.143
757,Bella,Wheelan,bwheelanl0@google.ru,Agender,253.110.52.73
758,Hamnet,Murty,hmurtyl1@illinois.edu,Male,96.116.142.203
759,Zebulen,Jakubowski,zjakubowskil2@hexun.com,Male,131.68.67.220
760,Alisander,Durning,adurningl3@google.com.br,Male,51.173.206.26
761,Barbette,Yeo,byeol4@oaic.gov.au,Female,94.208.157.19
762,Darsey,Archell,darchelll5@sbwire.com,Female,186.77.137.107
763,Crista,Vauter,cvauterl6@sphinn.com,Female,228.176.189.85
764,Thurston,Speenden,tspeendenl7@weibo.com,Male,132.142.130.66
765,Ferdinanda,Pawlett,fpawlettl8@reference.com,Female,56.73.52.198
766,Shanta,Milburne,smilburnel9@live.com,Female,99.44.63.62
767,Sheilakathryn,Hoopper,shoopperla@omniture.com,Female,169.121.77.233
768,Portia,Quigg,pquigglb@flickr.com,Female,222.236.179.6
769,Codi,Juste,cjustelc@hatena.ne.jp,Male,14.100.92.117
770,Merlina,Wilkennson,mwilkennsonld@reuters.com,Female,1.144.82.65
771,Nerta,Behrendsen,nbehrendsenle@joomla.org,Genderfluid,23.110.100.163
772,Tymothy,Cuming,tcuminglf@ucla.edu,Male,236.107.120.146
773,Augusto,O'Dyvoie,aodyvoielg@china.com.cn,Male,153.9.252.47
774,Susette,Loughead,slougheadlh@dedecms.com,Female,76.50.229.75
775,Gabby,Vergine,gvergineli@opensource.org,Agender,54.1.223.168
776,Frederik,Mordin,fmordinlj@latimes.com,Male,214.76.140.151
777,Kyle,Peck,kpecklk@lulu.com,Female,252.209.74.164
778,Lilith,Swiggs,lswiggsll@about.com,Female,187.163.119.242
779,Allard,Doidge,adoidgelm@last.fm,Male,163.218.0.254
780,Silas,Ough,soughln@go.com,Male,83.251.78.163
781,Charo,Tootal,ctootallo@google.de,Female,4.218.229.123
782,Walden,Skerrett,wskerrettlp@redcross.org,Male,119.254.126.154
783,Evangelia,Hewins,ehewinslq@ftc.gov,Female,189.215.186.183
784,Cherish,Simak,csimaklr@dion.ne.jp,Female,87.225.246.187
785,Jerrome,Cookes,jcookesls@hibu.com,Male,224.196.200.190
786,Clyde,Panniers,cpannierslt@washington.edu,Male,123.56.29.237
787,Sunny,Verbeke,sverbekelu@jiathis.com,Female,102.83.194.131
788,Malvina,Treleaven,mtreleavenlv@miibeian.gov.cn,Female,153.10.14.46
789,Hewie,Kerrigan,hkerriganlw@china.com.cn,Male,148.217.212.240
790,Kellby,D'Alessandro,kdalessandrolx@deliciousdays.com,Male,235.203.180.187
791,Georgy,Rizzi,grizzily@usatoday.com,Male,241.161.25.222
792,Butch,Milch,bmilchlz@bing.com,Male,135.239.125.195
793,Maisie,Benz,mbenzm0@unc.edu,Female,13.12.220.149
794,Darbie,Sproson,dsprosonm1@live.com,Female,127.144.121.234
795,Rosanna,Rundall,rrundallm2@un.org,Female,151.251.74.40
796,Marybeth,Drinnan,mdrinnanm3@state.gov,Female,211.10.10.106
797,Curtis,Gilliatt,cgilliattm4@ifeng.com,Male,202.41.189.57
798,Lyle,Gavan,lgavanm5@cnn.com,Male,22.115.58.240
799,Falito,Whale,fwhalem6@blogs.com,Male,74.63.100.107
800,Ilyse,Cheesworth,icheesworthm7@google.com,Female,73.65.197.38
801,Francis,Gutans,fgutansm8@bigcartel.com,Male,48.197.67.235
802,Kacey,Staddart,kstaddartm9@homestead.com,Agender,13.131.75.46
803,Nerta,House,nhousema@ucsd.edu,Female,153.158.5.190
804,Ellette,Flowerden,eflowerdenmb@barnesandnoble.com,Female,220.64.130.73
805,Ransom,Radenhurst,rradenhurstmc@senate.gov,Male,12.59.212.221
806,Cacilia,Pyvis,cpyvismd@wufoo.com,Female,205.49.102.91
807,Dore,Torrent,dtorrentme@g.co,Male,54.117.228.248
808,Consuelo,Stodhart,cstodhartmf@studiopress.com,Female,36.61.51.16
809,Budd,Milley,bmilleymg@mlb.com,Male,17.213.149.217
810,Cathy,Terram,cterrammh@yolasite.com,Female,41.55.169.92
811,Adrianne,Pembry,apembrymi@gov.uk,Female,84.238.129.245
812,Cherye,Maha,cmahamj@prweb.com,Female,250.248.25.184
813,Anastasie,Simkin,asimkinmk@uiuc.edu,Female,110.171.141.117
814,Elwood,Malcolmson,emalcolmsonml@de.vu,Male,239.34.88.175
815,Bettye,Pantridge,bpantridgemm@lycos.com,Female,87.131.26.105
816,Adara,McVicar,amcvicarmn@blinklist.com,Female,205.58.239.166
817,Aliza,Rustich,arustichmo@fda.gov,Female,227.211.171.96
818,Leroi,Micah,lmicahmp@dagondesign.com,Male,235.32.239.217
819,Lora,Theuss,ltheussmq@smugmug.com,Female,52.155.213.209
820,Adan,Nolleth,anollethmr@disqus.com,Genderfluid,122.160.105.72
821,Cecelia,Outridge,coutridgems@ca.gov,Female,74.227.25.255
822,Yetty,Haack,yhaackmt@wix.com,Female,21.223.10.119
823,Thomas,Gilbee,tgilbeemu@toplist.cz,Male,226.185.19.239
824,Rodrique,Huggen,rhuggenmv@mozilla.org,Male,96.198.137.125
825,Evangeline,Heinert,eheinertmw@marketwatch.com,Agender,66.111.132.112
826,Tania,Pears,tpearsmx@wikia.com,Female,153.49.26.172
827,Anson,Becconsall,abecconsallmy@msu.edu,Male,239.165.84.244
828,Emmeline,Van der Spohr,evanderspohrmz@pcworld.com,Female,107.117.144.193
829,Cally,Falconer,cfalconern0@deviantart.com,Female,36.116.224.249
830,Galven,Ankrett,gankrettn1@xinhuanet.com,Male,2.202.3.252
831,Gun,Elvy,gelvyn2@mapy.cz,Bigender,1.109.150.60
832,Solomon,Andrioni,sandrionin3@intel.com,Male,200.106.69.101
833,Laurel,Kingsnode,lkingsnoden4@bbb.org,Female,233.145.244.145
834,Theodoric,Cripin,tcripinn5@zimbio.com,Male,167.87.245.167
835,Leeann,McKain,lmckainn6@ocn.ne.jp,Female,159.71.16.230
836,Agnesse,Cestard,acestardn7@360.cn,Genderqueer,55.34.250.104
837,Yoshi,Easlea,yeaslean8@usa.gov,Female,176.245.82.155
838,Jemie,Verecker,jvereckern9@opera.com,Female,52.78.108.246
839,Marylin,Coast,mcoastna@moonfruit.com,Female,2.155.162.72
840,Artie,Blankman,ablankmannb@unesco.org,Non-binary,27.216.178.89
841,Lacie,Pidgeon,lpidgeonnc@vk.com,Bigender,3.64.78.8
842,Carce,Locke,clockend@unesco.org,Male,221.5.237.52
843,Tynan,Gellert,tgellertne@timesonline.co.uk,Male,94.25.168.211
844,Klarrisa,Antonioni,kantonioninf@desdev.cn,Female,89.80.255.121
845,Fanny,Bleackly,fbleacklyng@sbwire.com,Female,174.46.120.35
846,Sheryl,Dominey,sdomineynh@hatena.ne.jp,Female,139.152.230.251
847,Filippo,Garrelts,fgarreltsni@wsj.com,Male,250.149.77.104
848,Kinsley,Simony,ksimonynj@devhub.com,Male,169.135.208.11
849,Wilmer,Malletratt,wmalletrattnk@washington.edu,Male,9.149.65.91
850,Wadsworth,Gallant,wgallantnl@cnbc.com,Male,251.236.156.77
851,Melitta,Hudspith,mhudspithnm@sitemeter.com,Female,122.59.85.84
852,Grenville,Kilbourne,gkilbournenn@npr.org,Male,213.96.158.200
853,Janek,Artis,jartisno@4shared.com,Male,103.145.199.24
854,Cyrill,Dashkovich,cdashkovichnp@infoseek.co.jp,Male,201.53.127.153
855,Justine,Rastrick,jrastricknq@umn.edu,Female,83.79.17.227
856,Ansell,Swinglehurst,aswinglehurstnr@tripadvisor.com,Male,53.131.101.212
857,Hesther,Turfin,hturfinns@upenn.edu,Female,132.185.161.135
858,Austin,Keaves,akeavesnt@oracle.com,Male,28.71.47.18
859,Sindee,Physic,sphysicnu@opensource.org,Female,41.135.222.229
860,Brigham,Bikker,bbikkernv@moonfruit.com,Male,204.6.176.83
861,Ulrike,Haville,uhavillenw@intel.com,Female,90.247.21.14
862,Tabbie,Brazur,tbrazurnx@wikipedia.org,Female,7.114.5.43
863,Tracey,Rosiello,trosiellony@ucla.edu,Genderfluid,138.169.196.183
864,Wiley,Elsie,welsienz@360.cn,Male,231.182.247.20
865,Pauly,Kesteven,pkesteveno0@sciencedirect.com,Female,38.147.150.176
866,Debbi,Assaf,dassafo1@mtv.com,Female,134.18.14.156
867,Windham,Abelov,wabelovo2@homestead.com,Male,209.149.214.4
868,Bret,Creffield,bcreffieldo3@wp.com,Male,255.137.182.134
869,Dylan,Epinoy,depinoyo4@un.org,Male,222.238.185.71
870,Aurelea,Avey,aaveyo5@wikipedia.org,Female,23.96.134.225
871,Isabella,Diego,idiegoo6@goodreads.com,Female,186.153.17.14
872,Theodor,Tomaszewicz,ttomaszewiczo7@ucla.edu,Male,248.203.172.42
873,Calli,Zoren,czoreno8@sfgate.com,Female,154.211.150.114
874,Hall,Cowper,hcowpero9@washingtonpost.com,Male,241.251.26.202
875,Melisa,Paddeley,mpaddeleyoa@scientificamerican.com,Female,119.253.94.57
876,Lazare,Mouton,lmoutonob@google.pl,Male,171.245.133.125
877,Sarine,Birkett,sbirkettoc@google.com.br,Female,46.248.27.204
878,Christian,Pheazey,cpheazeyod@xinhuanet.com,Genderfluid,132.165.203.50
879,Cassandry,Tenwick,ctenwickoe@topsy.com,Female,75.121.253.21
880,Bessy,Physic,bphysicof@nasa.gov,Female,58.161.76.33
881,Evered,Carruthers,ecarruthersog@wikia.com,Male,112.210.179.216
882,Earlie,Baine,ebaineoh@instagram.com,Male,200.22.170.234
883,Nadiya,Porcher,nporcheroi@usatoday.com,Female,50.46.35.173
884,Vail,Sheryn,vsherynoj@theglobeandmail.com,Male,108.30.121.22
885,Gertrudis,Roland,grolandok@ustream.tv,Female,78.40.242.46
886,Lockwood,Shapter,lshapterol@wp.com,Male,62.166.86.116
887,Vivienne,Dmisek,vdmisekom@etsy.com,Polygender,52.57.106.15
888,Brit,Barkworth,bbarkworthon@vk.com,Female,43.203.138.174
889,Lanna,Mowday,lmowdayoo@ameblo.jp,Female,142.16.54.208
890,Joachim,Shepherdson,jshepherdsonop@go.com,Male,75.225.80.90
891,Barnabas,Leahair,bleahairoq@slate.com,Male,77.193.220.145
892,Jeremy,Olivie,jolivieor@blogspot.com,Bigender,3.103.172.144
893,Bourke,Takos,btakosos@ucla.edu,Male,210.51.131.93
894,Glori,Sone,gsoneot@ocn.ne.jp,Female,153.13.45.253
895,Emalee,Lauridsen,elauridsenou@wp.com,Female,67.199.9.169
896,Matias,Limmer,mlimmerov@washingtonpost.com,Male,228.214.98.252
897,Raynard,Parnham,rparnhamow@kickstarter.com,Male,39.208.159.202
898,Judi,Boxhill,jboxhillox@dmoz.org,Female,3.255.235.99
899,Sawyere,Jobbing,sjobbingoy@liveinternet.ru,Male,0.153.85.63
900,Felizio,Blewmen,fblewmenoz@rambler.ru,Male,220.84.213.226
901,Keely,Headington,kheadingtonp0@1und1.de,Female,127.172.106.137
902,Emanuel,Rolf,erolfp1@purevolume.com,Male,157.161.119.38
903,Yvon,Pauleau,ypauleaup2@amazon.co.uk,Male,53.236.248.80
904,Carine,MacNamee,cmacnameep3@bloglovin.com,Female,59.124.218.214
905,Melloney,Tampling,mtamplingp4@github.io,Female,43.145.126.135
906,Redford,Gowan,rgowanp5@arstechnica.com,Male,72.10.107.81
907,Bird,McIlroy,bmcilroyp6@imdb.com,Female,38.222.163.182
908,Rianon,Hawkey,rhawkeyp7@angelfire.com,Female,151.144.77.228
909,Fabien,Espada,fespadap8@mysql.com,Genderfluid,243.50.136.23
910,Sol,Strawbridge,sstrawbridgep9@nytimes.com,Male,239.168.244.88
911,Monica,Twentyman,mtwentymanpa@prlog.org,Female,45.18.221.193
912,Wren,Dallimore,wdallimorepb@cisco.com,Agender,40.93.187.64
913,Lonnie,Montrose,lmontrosepc@nymag.com,Female,112.61.194.87
914,Timmy,Izkovicz,tizkoviczpd@imageshack.us,Female,56.224.95.66
915,Esteban,Purdie,epurdiepe@ustream.tv,Male,153.121.92.231
916,Agneta,Sothcott,asothcottpf@yahoo.com,Female,57.23.144.231
917,Brockie,Jekyll,bjekyllpg@google.pl,Male,240.235.19.123
918,Toni,Holligan,tholliganph@ustream.tv,Female,13.77.28.19
919,Corie,Jentin,cjentinpi@unc.edu,Genderfluid,229.63.240.71
920,Laure,Malim,lmalimpj@arstechnica.com,Female,218.168.41.232
921,Orlan,Elecum,oelecumpk@imgur.com,Male,225.29.211.78
922,Pooh,Astill,pastillpl@wufoo.com,Male,235.181.126.88
923,Henryetta,Loughhead,hloughheadpm@moonfruit.com,Female,154.79.21.157
924,Nobe,Arends,narendspn@buzzfeed.com,Male,137.247.78.227
925,Bat,Collins,bcollinspo@google.de,Male,214.191.51.83
926,Roseanne,Emson,remsonpp@nsw.gov.au,Female,42.117.225.170
927,Nathanil,Kienzle,nkienzlepq@narod.ru,Male,158.175.120.39
928,Hamnet,Steddall,hsteddallpr@symantec.com,Male,3.226.42.63
929,Karole,Pittaway,kpittawayps@behance.net,Female,196.173.43.245
930,Marcellus,Throssell,mthrossellpt@liveinternet.ru,Male,242.235.225.137
931,Sean,Fearneley,sfearneleypu@multiply.com,Female,178.202.52.214
932,Colver,Clash,cclashpv@usatoday.com,Male,30.223.108.16
933,Wit,Bagworth,wbagworthpw@weibo.com,Male,187.160.107.83
934,Reamonn,Karim,rkarimpx@newyorker.com,Male,186.40.242.86
935,Andrea,Dudden,aduddenpy@yelp.com,Genderqueer,58.58.19.253
936,Stafford,Dishman,sdishmanpz@ifeng.com,Agender,64.44.228.19
937,Ardyth,Eyree,aeyreeq0@google.it,Female,169.233.75.224
938,Gay,Longley,glongleyq1@ning.com,Female,71.21.198.56
939,Ruggiero,Sangar,rsangarq2@fc2.com,Male,226.69.57.94
940,Joyce,Harower,jharowerq3@merriam-webster.com,Female,12.169.84.167
941,Dall,Billam,dbillamq4@twitter.com,Male,117.249.27.67
942,Martie,Elvey,melveyq5@sogou.com,Female,123.1.252.17
943,Gayleen,Nuss,gnussq6@hibu.com,Female,78.128.149.34
944,Cherise,Gleeton,cgleetonq7@mit.edu,Female,174.28.32.233
945,Zelda,Kennermann,zkennermannq8@exblog.jp,Female,110.19.150.230
946,Kizzie,Bubeer,kbubeerq9@constantcontact.com,Female,42.98.30.146
947,Courtnay,McAllen,cmcallenqa@devhub.com,Male,101.154.198.194
948,Aylmer,Peet,apeetqb@omniture.com,Male,247.241.79.188
949,Xena,Gunther,xguntherqc@usa.gov,Female,126.164.98.97
950,Merrielle,Slack,mslackqd@google.ru,Female,180.100.98.113
951,Franny,Oldis,foldisqe@typepad.com,Male,212.135.90.135
952,Salim,Hellard,shellardqf@webs.com,Male,11.9.24.110
953,Aloin,Fryd,afrydqg@microsoft.com,Male,179.198.4.87
954,Leone,Sabin,lsabinqh@tuttocitta.it,Agender,4.231.223.128
955,Laureen,Hardeman,lhardemanqi@ucoz.com,Female,175.5.238.67
956,Rogers,Aubri,raubriqj@surveymonkey.com,Male,14.119.239.164
957,Karie,Ramel,kramelqk@globo.com,Female,217.45.98.16
958,Bram,Chattey,bchatteyql@timesonline.co.uk,Male,53.83.178.234
959,Dionisio,Leddy,dleddyqm@illinois.edu,Male,42.101.41.15
960,Aldrich,Snookes,asnookesqn@qq.com,Male,33.90.131.26
961,Michal,Carloni,mcarloniqo@columbia.edu,Female,219.237.205.132
962,Meagan,Hamper,mhamperqp@kickstarter.com,Female,52.50.47.40
963,Major,Murch,mmurchqq@jalbum.net,Male,17.176.244.6
964,Chicky,Shepeard,cshepeardqr@google.es,Female,243.202.158.64
965,George,Jenney,gjenneyqs@godaddy.com,Male,95.157.7.148
966,Lennie,Broadwood,lbroadwoodqt@newsvine.com,Male,85.125.185.69
967,Gris,Viel,gvielqu@deviantart.com,Polygender,239.31.193.231
968,Ulises,Threadgould,uthreadgouldqv@prweb.com,Male,221.150.69.28
969,Ichabod,Rizzillo,irizzilloqw@tripod.com,Male,230.206.169.19
970,Donnie,Robbert,drobbertqx@globo.com,Female,201.19.219.16
971,Lauri,Hollebon,lhollebonqy@adobe.com,Female,15.27.156.147
972,Salomone,Harkin,sharkinqz@amazon.co.uk,Male,224.169.168.22
973,Michelle,Bims,mbimsr0@alibaba.com,Female,251.223.96.66
974,Heather,Verni,hvernir1@youtube.com,Female,8.115.69.228
975,Javier,Elt,jeltr2@about.com,Male,120.208.112.140
976,Denise,Greader,dgreaderr3@cbslocal.com,Female,208.240.98.249
977,Stacy,Makinson,smakinsonr4@facebook.com,Male,62.206.194.222
978,Nonnah,Drezzer,ndrezzerr5@soup.io,Female,225.106.120.148
979,Benedikta,Girardot,bgirardotr6@seattletimes.com,Female,108.189.205.148
980,Shem,Theseira,stheseirar7@phoca.cz,Male,1.112.128.28
981,Antonino,Levesque,alevesquer8@github.io,Male,108.252.83.130
982,Chloris,Skelington,cskelingtonr9@aboutads.info,Female,252.168.31.222
983,Aldwin,Beards,abeardsra@addtoany.com,Male,20.165.152.118
984,Georgine,Grute,ggruterb@comsenz.com,Female,231.85.31.179
985,Kirsti,Frondt,kfrondtrc@google.es,Female,40.217.233.87
986,Derril,Beuscher,dbeuscherrd@over-blog.com,Male,49.90.203.80
987,Jeromy,De Vries,jdevriesre@twitter.com,Male,96.251.208.58
988,Sander,Jewkes,sjewkesrf@devhub.com,Male,201.98.218.157
989,Mariam,Bellhouse,mbellhouserg@berkeley.edu,Female,63.125.128.192
990,Miguela,Cargo,mcargorh@blog.com,Female,102.216.100.250
991,Audy,Brumfield,abrumfieldri@archive.org,Female,163.204.26.81
992,Xylina,Ashelford,xashelfordrj@washington.edu,Non-binary,186.120.25.215
993,Adorne,Derricoat,aderricoatrk@redcross.org,Female,240.177.96.82
994,Donnell,Aspinall,daspinallrl@multiply.com,Male,168.227.42.153
995,Corabelle,Pendreigh,cpendreighrm@alexa.com,Female,48.48.254.48
996,Joachim,Yanyushkin,jyanyushkinrn@opensource.org,Male,189.151.14.192
997,Corrine,Idenden,cidendenro@netlog.com,Female,11.199.255.153
998,Dianna,Gregoratti,dgregorattirp@businesswire.com,Female,207.25.193.163
999,Ashil,Haggata,ahaggatarq@ow.ly,Non-binary,86.101.48.231
1000,Susanna,Prestwich,sprestwichrr@salon.com,Female,47.81.128.12
